{
    "epoch": 3.0,
    "total_flos": 1.938741778933678e+17,
    "train_loss": 0.08760584968753378,
    "train_runtime": 3313.1689,
    "train_samples_per_second": 9.711,
    "train_steps_per_second": 0.608
}